Admin Level 0,Admin Level 1,Admin Level 2,Admin Level 3
Pakistan, Balochistan, Awaran, Awaran
Pakistan, Balochistan, Awaran, Jhal Jao
Pakistan, Balochistan, Awaran, Mashkai
Pakistan, Balochistan, Barkhan, Barkhan
Pakistan, Balochistan, Chagai, Chagai
Pakistan, Balochistan, Chagai, Dalbandin
Pakistan, Balochistan, Chagai, Taftan
Pakistan, Balochistan, Dera Bugti, Dera Bugti
Pakistan, Balochistan, Dera Bugti, Phelawagh
Pakistan, Balochistan, Dera Bugti, Sui
Pakistan, Balochistan, Gwadar, Gwadar
Pakistan, Balochistan, Gwadar, Jiwani
Pakistan, Balochistan, Gwadar, Ormara
Pakistan, Balochistan, Gwadar, Pasni
Pakistan, Balochistan, Harnai, Harnai
Pakistan, Balochistan, Jaffarabad, Gandakha
Pakistan, Balochistan, Jaffarabad, Jhat Pat
Pakistan, Balochistan, Jaffarabad, Usta Muhammad
Pakistan, Balochistan, Jhal Magsi, Gandawa
Pakistan, Balochistan, Jhal Magsi, Jhal Magsi
Pakistan, Balochistan, Kachhi, Mach
Pakistan, Balochistan, Kachhi, Sanni
Pakistan, Balochistan, Kalat, Kalat
Pakistan, Balochistan, Kalat, Surab
Pakistan, Balochistan, Kech, Balnigor
Pakistan, Balochistan, Kech, Buleda
Pakistan, Balochistan, Kech, Dasht (Kech)
Pakistan, Balochistan, Kech, Kech
Pakistan, Balochistan, Kech, Mand
Pakistan, Balochistan, Kech, Tump
Pakistan, Balochistan, Kharan, Kharan
Pakistan, Balochistan, Khuzdar, Khuzdar
Pakistan, Balochistan, Khuzdar, Nal
Pakistan, Balochistan, Khuzdar, Wadh
Pakistan, Balochistan, Khuzdar, Zehri
Pakistan, Balochistan, Killa Abdullah, Chaman
Pakistan, Balochistan, Killa Abdullah, Killa Abdullah
Pakistan, Balochistan, Killa Saifullah, Badinai
Pakistan, Balochistan, Killa Saifullah, Kan Mehtarzai
Pakistan, Balochistan, Killa Saifullah, Killa Saifullah
Pakistan, Balochistan, Killa Saifullah, Loi Band
Pakistan, Balochistan, Killa Saifullah, Muslim Bagh
Pakistan, Balochistan, Killa Saifullah, Shinkai
Pakistan, Balochistan, Kohlu, Kahan
Pakistan, Balochistan, Kohlu, Kohlu
Pakistan, Balochistan, Kohlu, Mawand
Pakistan, Balochistan, Las Bela, Bela
Pakistan, Balochistan, Las Bela, Dureji
Pakistan, Balochistan, Las Bela, Gaddani
Pakistan, Balochistan, Las Bela, Hub
Pakistan, Balochistan, Las Bela, Kanraj
Pakistan, Balochistan, Las Bela, Lakhra
Pakistan, Balochistan, Las Bela, Liari
Pakistan, Balochistan, Las Bela, Sonmiani
Pakistan, Balochistan, Las Bela, Uthal
Pakistan, Balochistan, Lehri, Bhag
Pakistan, Balochistan, Lehri, Lehri
Pakistan, Balochistan, Loralai, Duki
Pakistan, Balochistan, Loralai, Loralai
Pakistan, Balochistan, Mastung, Dasht (Mastung)
Pakistan, Balochistan, Mastung, Mastung
Pakistan, Balochistan, Musakhel, Musakhel
Pakistan, Balochistan, Nasirabad, Baba Kot
Pakistan, Balochistan, Nasirabad, Chattar
Pakistan, Balochistan, Nasirabad, Dera Murad Jamali
Pakistan, Balochistan, Nasirabad, Tamboo
Pakistan, Balochistan, Nushki, Nushki
Pakistan, Balochistan, Panjgur, Gichk
Pakistan, Balochistan, Panjgur, Panjgur
Pakistan, Balochistan, Panjgur, Parome
Pakistan, Balochistan, Pishin, Barshore
Pakistan, Balochistan, Pishin, Karezat
Pakistan, Balochistan, Pishin, Pishin
Pakistan, Balochistan, Quetta, Panjpai
Pakistan, Balochistan, Quetta, Quetta City
Pakistan, Balochistan, Sheerani, Sheerani
Pakistan, Balochistan, Sibi, Kut Mandai
Pakistan, Balochistan, Sibi, Sangan
Pakistan, Balochistan, Sibi, Sibi
Pakistan, Balochistan, Sohbatpur, Sohbatpur
Pakistan, Balochistan, Washuk, Besima
Pakistan, Balochistan, Washuk, Mashkhel
Pakistan, Balochistan, Washuk, Nag
Pakistan, Balochistan, Washuk, Washuk
Pakistan, Balochistan, Zhob, Kakar Khurasan
Pakistan, Balochistan, Zhob, Zhob
Pakistan, Balochistan, Ziarat, Sinjawi
Pakistan, Balochistan, Ziarat, Ziarat
Pakistan, Federal Capital Territory, Islamabad, Islamabad
Pakistan, Khyber Pakhtunkhwa, Abbottabad, Abbottabad
Pakistan, Khyber Pakhtunkhwa, Bajaur, Bar Chamarkand
Pakistan, Khyber Pakhtunkhwa, Bajaur, Barang
Pakistan, Khyber Pakhtunkhwa, Bajaur, Khar
Pakistan, Khyber Pakhtunkhwa, Bajaur, Mamund
Pakistan, Khyber Pakhtunkhwa, Bajaur, Nawagai
Pakistan, Khyber Pakhtunkhwa, Bajaur, Salarzai Tehsil
Pakistan, Khyber Pakhtunkhwa, Bajaur, Utman Khel Tehsil
Pakistan, Khyber Pakhtunkhwa, Bannu, Bannu
Pakistan, Khyber Pakhtunkhwa, Bannu, Domel
Pakistan, Khyber Pakhtunkhwa, Batagram, Alai
Pakistan, Khyber Pakhtunkhwa, Batagram, Batagram
Pakistan, Khyber Pakhtunkhwa, Buner, Chagharzai
Pakistan, Khyber Pakhtunkhwa, Buner, Chamla
Pakistan, Khyber Pakhtunkhwa, Buner, Daggar
Pakistan, Khyber Pakhtunkhwa, Buner, Gagra
Pakistan, Khyber Pakhtunkhwa, Buner, Pir Baba/ Gadaizi
Pakistan, Khyber Pakhtunkhwa, Buner, Totalai
Pakistan, Khyber Pakhtunkhwa, Charsadda, Charsadda
Pakistan, Khyber Pakhtunkhwa, Charsadda, Tangi
Pakistan, Khyber Pakhtunkhwa, Chitral, Chitral
Pakistan, Khyber Pakhtunkhwa, Chitral, Mastuj
Pakistan, Khyber Pakhtunkhwa, Dera Ismail Khan, Daraban
Pakistan, Khyber Pakhtunkhwa, Dera Ismail Khan, Dera Ismail Khan
Pakistan, Khyber Pakhtunkhwa, Dera Ismail Khan, Kulachi
Pakistan, Khyber Pakhtunkhwa, Dera Ismail Khan, Paharpur
Pakistan, Khyber Pakhtunkhwa, FR Bannu, Wazir
Pakistan, Khyber Pakhtunkhwa, FR Dera Ismail Khan, Drazanda
Pakistan, Khyber Pakhtunkhwa, FR Kohat, Darra Adam Khel
Pakistan, Khyber Pakhtunkhwa, FR Lakki Marwat, Bettani
Pakistan, Khyber Pakhtunkhwa, FR Peshawar, Hassan Khel
Pakistan, Khyber Pakhtunkhwa, FR Tank, Jandola
Pakistan, Khyber Pakhtunkhwa, Hangu, Hangu
Pakistan, Khyber Pakhtunkhwa, Hangu, Tall
Pakistan, Khyber Pakhtunkhwa, Haripur, Ghazi
Pakistan, Khyber Pakhtunkhwa, Haripur, Haripur
Pakistan, Khyber Pakhtunkhwa, Karak, Banda Daud Shah
Pakistan, Khyber Pakhtunkhwa, Karak, Karak
Pakistan, Khyber Pakhtunkhwa, Karak, Takht E Nasrati
Pakistan, Khyber Pakhtunkhwa, Khyber, Bara
Pakistan, Khyber Pakhtunkhwa, Khyber, Jamrud
Pakistan, Khyber Pakhtunkhwa, Khyber, Landi Kotal
Pakistan, Khyber Pakhtunkhwa, Kohat, Kohat
Pakistan, Khyber Pakhtunkhwa, Kohat, Lachi
Pakistan, Khyber Pakhtunkhwa, Kohistan, Dassu
Pakistan, Khyber Pakhtunkhwa, Kohistan, Palas
Pakistan, Khyber Pakhtunkhwa, Kohistan, Pattan
Pakistan, Khyber Pakhtunkhwa, Kurram, Central Kurram
Pakistan, Khyber Pakhtunkhwa, Kurram, Lower Kurram
Pakistan, Khyber Pakhtunkhwa, Kurram, Upper Kurram
Pakistan, Khyber Pakhtunkhwa, Lakki Marwat, Lakki Marwat
Pakistan, Khyber Pakhtunkhwa, Lakki Marwat, Sarai Naurang
Pakistan, Khyber Pakhtunkhwa, Lower Dir, Samar Bagh
Pakistan, Khyber Pakhtunkhwa, Lower Dir, Timergara
Pakistan, Khyber Pakhtunkhwa, Malakand PA, Sam Ranizai
Pakistan, Khyber Pakhtunkhwa, Malakand PA, Swat Ranizai
Pakistan, Khyber Pakhtunkhwa, Mansehra, Balakot
Pakistan, Khyber Pakhtunkhwa, Mansehra, Mansehra
Pakistan, Khyber Pakhtunkhwa, Mansehra, Oghi
Pakistan, Khyber Pakhtunkhwa, Mardan, Katlang
Pakistan, Khyber Pakhtunkhwa, Mardan, Mardan
Pakistan, Khyber Pakhtunkhwa, Mardan, Takht Bhai
Pakistan, Khyber Pakhtunkhwa, Mohmand, Ambar Utman Khel
Pakistan, Khyber Pakhtunkhwa, Mohmand, Halimzai
Pakistan, Khyber Pakhtunkhwa, Mohmand, Pindiali
Pakistan, Khyber Pakhtunkhwa, Mohmand, Prang Ghar
Pakistan, Khyber Pakhtunkhwa, Mohmand, Safi
Pakistan, Khyber Pakhtunkhwa, Mohmand, Upper Momand
Pakistan, Khyber Pakhtunkhwa, Mohmand, Yaka Ghund
Pakistan, Khyber Pakhtunkhwa, North Waziristan, Data Khel
Pakistan, Khyber Pakhtunkhwa, North Waziristan, Dossali
Pakistan, Khyber Pakhtunkhwa, North Waziristan, Garyum
Pakistan, Khyber Pakhtunkhwa, North Waziristan, Ghulam Khan
Pakistan, Khyber Pakhtunkhwa, North Waziristan, Mir Ali
Pakistan, Khyber Pakhtunkhwa, North Waziristan, Miran Shah
Pakistan, Khyber Pakhtunkhwa, North Waziristan, Razmak
Pakistan, Khyber Pakhtunkhwa, North Waziristan, Shewa
Pakistan, Khyber Pakhtunkhwa, North Waziristan, Spinwam
Pakistan, Khyber Pakhtunkhwa, Nowshera, Nowshera
Pakistan, Khyber Pakhtunkhwa, Nowshera, Pabbi
Pakistan, Khyber Pakhtunkhwa, Orakzai, Central Orakzai
Pakistan, Khyber Pakhtunkhwa, Orakzai, Ismailzai
Pakistan, Khyber Pakhtunkhwa, Orakzai, Lower Orakzai
Pakistan, Khyber Pakhtunkhwa, Orakzai, Upper Orakzai
Pakistan, Khyber Pakhtunkhwa, Peshawar, Peshawar
Pakistan, Khyber Pakhtunkhwa, Shangla, Alpuri
Pakistan, Khyber Pakhtunkhwa, Shangla, Bisham
Pakistan, Khyber Pakhtunkhwa, Shangla, Chiksar
Pakistan, Khyber Pakhtunkhwa, Shangla, Martung
Pakistan, Khyber Pakhtunkhwa, Shangla, Puran
Pakistan, Khyber Pakhtunkhwa, South Waziristan, Birmal
Pakistan, Khyber Pakhtunkhwa, South Waziristan, Ladha
Pakistan, Khyber Pakhtunkhwa, South Waziristan, Makin
Pakistan, Khyber Pakhtunkhwa, South Waziristan, Sararogha
Pakistan, Khyber Pakhtunkhwa, South Waziristan, Serwekai
Pakistan, Khyber Pakhtunkhwa, South Waziristan, Tiarza
Pakistan, Khyber Pakhtunkhwa, South Waziristan, Toi Khulla
Pakistan, Khyber Pakhtunkhwa, South Waziristan, Wana
Pakistan, Khyber Pakhtunkhwa, Swabi, Lahor
Pakistan, Khyber Pakhtunkhwa, Swabi, Swabi
Pakistan, Khyber Pakhtunkhwa, Swabi, Topi
Pakistan, Khyber Pakhtunkhwa, Swat, Babuzai
Pakistan, Khyber Pakhtunkhwa, Swat, Bahrain
Pakistan, Khyber Pakhtunkhwa, Swat, Barikot
Pakistan, Khyber Pakhtunkhwa, Swat, Charbagh
Pakistan, Khyber Pakhtunkhwa, Swat, Kabal
Pakistan, Khyber Pakhtunkhwa, Swat, Kalam
Pakistan, Khyber Pakhtunkhwa, Swat, Khwazakhela
Pakistan, Khyber Pakhtunkhwa, Swat, Matta Khararai
Pakistan, Khyber Pakhtunkhwa, Swat, Matta Sebujni
Pakistan, Khyber Pakhtunkhwa, Tank, Tank
Pakistan, Khyber Pakhtunkhwa, Tor Ghar, Tor Ghar
Pakistan, Khyber Pakhtunkhwa, Upper Dir, Barawal
Pakistan, Khyber Pakhtunkhwa, Upper Dir, Dir
Pakistan, Khyber Pakhtunkhwa, Upper Dir, Kalkot
Pakistan, Khyber Pakhtunkhwa, Upper Dir, Wari
Pakistan, Punjab, Attock, Attock
Pakistan, Punjab, Attock, Fateh Jang
Pakistan, Punjab, Attock, Hassan Abdal
Pakistan, Punjab, Attock, Hazro
Pakistan, Punjab, Attock, Jand
Pakistan, Punjab, Attock, Pindi Gheb
Pakistan, Punjab, Bahawalnagar, Bahawalnagar
Pakistan, Punjab, Bahawalnagar, Chishtian
Pakistan, Punjab, Bahawalnagar, Fort Abbas
Pakistan, Punjab, Bahawalnagar, Haroonabad
Pakistan, Punjab, Bahawalnagar, Minchinabad
Pakistan, Punjab, Bahawalpur, Ahmadupr East
Pakistan, Punjab, Bahawalpur, Bahawalpur
Pakistan, Punjab, Bahawalpur, Hasilpur
Pakistan, Punjab, Bahawalpur, Kairpur Tamewali
Pakistan, Punjab, Bahawalpur, Yazman
Pakistan, Punjab, Bhakkar, Bhakkar
Pakistan, Punjab, Bhakkar, Darya Khan
Pakistan, Punjab, Bhakkar, Kalurkot
Pakistan, Punjab, Bhakkar, Mankera
Pakistan, Punjab, Chakwal, Chakwal
Pakistan, Punjab, Chakwal, Choa Saidan Shah
Pakistan, Punjab, Chakwal, Kallar Kahar
Pakistan, Punjab, Chakwal, Talagang
Pakistan, Punjab, Chiniot, Chiniot
Pakistan, Punjab, Dera Ghazi Khan, De-excluded Area D.G.Khan
Pakistan, Punjab, Dera Ghazi Khan, Dera Ghazi Khan
Pakistan, Punjab, Dera Ghazi Khan, Taunsa
Pakistan, Punjab, Faisalabad, Chak Jhumra
Pakistan, Punjab, Faisalabad, Faisalabad City
Pakistan, Punjab, Faisalabad, Faisalabad Saddar
Pakistan, Punjab, Faisalabad, Jaranwala
Pakistan, Punjab, Faisalabad, Summundari
Pakistan, Punjab, Faisalabad, Tandlianwala
Pakistan, Punjab, Gujranwala, Gujranwala
Pakistan, Punjab, Gujranwala, Kamoke
Pakistan, Punjab, Gujranwala, Nowshera Virkan
Pakistan, Punjab, Gujranwala, Wazirabad
Pakistan, Punjab, Gujrat, Gujrat
Pakistan, Punjab, Gujrat, Kharian
Pakistan, Punjab, Gujrat, Sarai Alamgir
Pakistan, Punjab, Hafizabad, Hafizabad
Pakistan, Punjab, Hafizabad, Pindi Bhattian
Pakistan, Punjab, Jhang, Ahmedpur Sial
Pakistan, Punjab, Jhang, Jhang
Pakistan, Punjab, Jhang, Shorkot
Pakistan, Punjab, Jhelum, Dina
Pakistan, Punjab, Jhelum, Jhelum
Pakistan, Punjab, Jhelum, Pind Dadan Khan
Pakistan, Punjab, Jhelum, Sohawa
Pakistan, Punjab, Kasur, Chunian
Pakistan, Punjab, Kasur, Kasur
Pakistan, Punjab, Kasur, Pattoki
Pakistan, Punjab, Khanewal, Jahanian
Pakistan, Punjab, Khanewal, Kabirwala
Pakistan, Punjab, Khanewal, Khanewal
Pakistan, Punjab, Khanewal, Mian Channu
Pakistan, Punjab, Khushab, Khushab
Pakistan, Punjab, Khushab, Nurpur
Pakistan, Punjab, Khushab, Quaidabad
Pakistan, Punjab, Lahore, Lahore Cantt
Pakistan, Punjab, Lahore, Lahore City
Pakistan, Punjab, Layyah, Chaubara
Pakistan, Punjab, Layyah, Karor Lal Esan
Pakistan, Punjab, Layyah, Layyah
Pakistan, Punjab, Lodhran, Dunyapur
Pakistan, Punjab, Lodhran, Kahror Pacca
Pakistan, Punjab, Lodhran, Lodhran
Pakistan, Punjab, Mandi Bahauddin, Malakwal
Pakistan, Punjab, Mandi Bahauddin, Mandi Bahauddin
Pakistan, Punjab, Mandi Bahauddin, Phalia
Pakistan, Punjab, Mianwali, Isakhel
Pakistan, Punjab, Mianwali, Mianwali
Pakistan, Punjab, Mianwali, Piplan
Pakistan, Punjab, Multan, Jalalpur Pirwala
Pakistan, Punjab, Multan, Multan City
Pakistan, Punjab, Multan, Multan Saddar
Pakistan, Punjab, Multan, Shuabad
Pakistan, Punjab, Muzaffargarh, Alipur
Pakistan, Punjab, Muzaffargarh, Jatoi
Pakistan, Punjab, Muzaffargarh, Kot Addu
Pakistan, Punjab, Muzaffargarh, Muzaffargarh
Pakistan, Punjab, Nankana Sahib, Nankana Sahib
Pakistan, Punjab, Nankana Sahib, Safdarabad
Pakistan, Punjab, Nankana Sahib, Sangla Hill
Pakistan, Punjab, Nankana Sahib, Shahkot
Pakistan, Punjab, Narowal, Narowal
Pakistan, Punjab, Narowal, Shakargarh
Pakistan, Punjab, Okara, Depalpur
Pakistan, Punjab, Okara, Okara
Pakistan, Punjab, Okara, Renala Khurd
Pakistan, Punjab, Pakpattan, Arif Wala
Pakistan, Punjab, Pakpattan, Pakpattan
Pakistan, Punjab, Rahim Yar Khan, Khanpur (Rahim Yar Khan)
Pakistan, Punjab, Rahim Yar Khan, Liaquatpur
Pakistan, Punjab, Rahim Yar Khan, Rahim Yar Khan
Pakistan, Punjab, Rahim Yar Khan, Sadiqabad
Pakistan, Punjab, Rajanpur, De- Excluded Area Rajanpur
Pakistan, Punjab, Rajanpur, Jampur
Pakistan, Punjab, Rajanpur, Rajanpur
Pakistan, Punjab, Rajanpur, Rojhan
Pakistan, Punjab, Rawalpindi, Gujar Khan
Pakistan, Punjab, Rawalpindi, Kahuta
Pakistan, Punjab, Rawalpindi, Kallar Sayedan
Pakistan, Punjab, Rawalpindi, Kotli Sattian
Pakistan, Punjab, Rawalpindi, Murree
Pakistan, Punjab, Rawalpindi, Rawalpindi
Pakistan, Punjab, Rawalpindi, Taxila
Pakistan, Punjab, Sahiwal, Chichawatni
Pakistan, Punjab, Sahiwal, Sahiwal (Sahiwal)
Pakistan, Punjab, Sargodha, Bhalwal
Pakistan, Punjab, Sargodha, Kot Momin
Pakistan, Punjab, Sargodha, Sahiwal (Sardogha)
Pakistan, Punjab, Sargodha, Sargodha
Pakistan, Punjab, Sargodha, Shahpur
Pakistan, Punjab, Sargodha, Sillanwali
Pakistan, Punjab, Sheikhupura, Ferozewala
Pakistan, Punjab, Sheikhupura, Muridke
Pakistan, Punjab, Sheikhupura, Sharqpur
Pakistan, Punjab, Sheikhupura, Sheikhupura
Pakistan, Punjab, Sialkot, Daska
Pakistan, Punjab, Sialkot, Pasrur
Pakistan, Punjab, Sialkot, Sambrial
Pakistan, Punjab, Sialkot, Sialkot
Pakistan, Punjab, Toba Tek Singh, Gojra
Pakistan, Punjab, Toba Tek Singh, Kamalia
Pakistan, Punjab, Toba Tek Singh, Toba Tek Singh
Pakistan, Punjab, Vehari, Burewala
Pakistan, Punjab, Vehari, Mailsi
Pakistan, Punjab, Vehari, Vehari
Pakistan, Sindh, Badin, Badin
Pakistan, Sindh, Badin, Matli
Pakistan, Sindh, Badin, Shaheed Fazal Rahu
Pakistan, Sindh, Badin, Tando Bago
Pakistan, Sindh, Dadu, Dadu
Pakistan, Sindh, Dadu, Johi
Pakistan, Sindh, Dadu, Khairpur Nathan Shah
Pakistan, Sindh, Dadu, Mehar
Pakistan, Sindh, Ghotki, Daharki
Pakistan, Sindh, Ghotki, Ghotki
Pakistan, Sindh, Ghotki, Khangarh
Pakistan, Sindh, Ghotki, Mirpur Mathelo
Pakistan, Sindh, Ghotki, Ubauro
Pakistan, Sindh, Hyderabad, Hyderabad
Pakistan, Sindh, Hyderabad, Hyderabad City
Pakistan, Sindh, Hyderabad, Latifabad
Pakistan, Sindh, Hyderabad, Qasimabad
Pakistan, Sindh, Jacobabad, Garhi Khairo
Pakistan, Sindh, Jacobabad, Jacobabad
Pakistan, Sindh, Jacobabad, Thul
Pakistan, Sindh, Jamshoro, Kotri
Pakistan, Sindh, Jamshoro, Manjhand
Pakistan, Sindh, Jamshoro, Sehwan
Pakistan, Sindh, Jamshoro, Thano Bula Khan
Pakistan, Sindh, Karachi City, Karachi Central
Pakistan, Sindh, Karachi City, Karachi East
Pakistan, Sindh, Karachi City, Karachi South
Pakistan, Sindh, Karachi City, Karachi West
Pakistan, Sindh, Karachi City, Malir
Pakistan, Sindh, Kashmore, Kanhdkot
Pakistan, Sindh, Kashmore, Kashmore
Pakistan, Sindh, Kashmore, Tangwani
Pakistan, Sindh, Khairpur, Faiz Ganj
Pakistan, Sindh, Khairpur, Gambat
Pakistan, Sindh, Khairpur, Khairpur
Pakistan, Sindh, Khairpur, Kingri
Pakistan, Sindh, Khairpur, Kot Diji
Pakistan, Sindh, Khairpur, Mirwah
Pakistan, Sindh, Khairpur, Nara
Pakistan, Sindh, Khairpur, Sobodhero
Pakistan, Sindh, Larkana, Bakrani
Pakistan, Sindh, Larkana, Dokri
Pakistan, Sindh, Larkana, Larkana
Pakistan, Sindh, Larkana, Ratodero
Pakistan, Sindh, Matiari, Hala
Pakistan, Sindh, Matiari, Matiari
Pakistan, Sindh, Mirpur Khas, Digri
Pakistan, Sindh, Mirpur Khas, Jhuddo
Pakistan, Sindh, Mirpur Khas, Kot Ghulam Muhammad
Pakistan, Sindh, Mirpur Khas, Mirpur Khas
Pakistan, Sindh, Naushahro Feroze, Bhiria
Pakistan, Sindh, Naushahro Feroze, Kandiaro
Pakistan, Sindh, Naushahro Feroze, Moro
Pakistan, Sindh, Naushahro Feroze, Naushahro Feroze
Pakistan, Sindh, Qambar Shahdadkot, Kambar Ali Khan
Pakistan, Sindh, Qambar Shahdadkot, Miro Khan
Pakistan, Sindh, Qambar Shahdadkot, Qubo Saeed Khan
Pakistan, Sindh, Qambar Shahdadkot, Shahdadkot
Pakistan, Sindh, Qambar Shahdadkot, Warah
Pakistan, Sindh, Sanghar, Jan Nawaz Ali
Pakistan, Sindh, Sanghar, Khipro
Pakistan, Sindh, Sanghar, Sanghar
Pakistan, Sindh, Sanghar, Shahdadpur
Pakistan, Sindh, Sanghar, Sinjhoro
Pakistan, Sindh, Sanghar, Tando Adam
Pakistan, Sindh, Shaheed Benazirabad, Daur
Pakistan, Sindh, Shaheed Benazirabad, Kazi Ahmed
Pakistan, Sindh, Shaheed Benazirabad, Nawabshah
Pakistan, Sindh, Shaheed Benazirabad, Sakrand
Pakistan, Sindh, Shikarpur, Garhi Yasin
Pakistan, Sindh, Shikarpur, Khanpur (Shikarpur)
Pakistan, Sindh, Shikarpur, Lakhi
Pakistan, Sindh, Shikarpur, Shikarpur
Pakistan, Sindh, Sujawal, Jati
Pakistan, Sindh, Sujawal, Kharochan
Pakistan, Sindh, Sujawal, Mirpur Bathoro
Pakistan, Sindh, Sujawal, Shah Bander
Pakistan, Sindh, Sujawal, Sujawal
Pakistan, Sindh, Sukkur, Pano Aqil
Pakistan, Sindh, Sukkur, Rohri
Pakistan, Sindh, Sukkur, Salehpat
Pakistan, Sindh, Sukkur, Sukkur
Pakistan, Sindh, Tando Allah Yar, Tando Allah Yar
Pakistan, Sindh, Tando Muhammad Khan, Bulri Shah Karim
Pakistan, Sindh, Tando Muhammad Khan, Tando Ghulam Hyder
Pakistan, Sindh, Tando Muhammad Khan, Tando Muhammad Khan
Pakistan, Sindh, Tharparkar, Chachro
Pakistan, Sindh, Tharparkar, Diplo
Pakistan, Sindh, Tharparkar, Mithi
Pakistan, Sindh, Tharparkar, Nagarparkar
Pakistan, Sindh, Thatta, Ghorabari
Pakistan, Sindh, Thatta, Keti Bander
Pakistan, Sindh, Thatta, Mirpur Sakro
Pakistan, Sindh, Thatta, Thatta
Pakistan, Sindh, Umerkot, Kunri
Pakistan, Sindh, Umerkot, Pithoro
Pakistan, Sindh, Umerkot, Samaro
Pakistan, Sindh, Umerkot, Umerkot
